HOSP_ID,LATITUDE,LONGITUDE
HOSP_01,17.615522,78.548619
HOSP_02,17.441589,78.496848
HOSP_03,17.980971,79.526772
HOSP_04,17.19898,79.213317
HOSP_05,17.423657,78.504204
HOSP_06,17.399765,78.461229
HOSP_07,17.398414,78.462233
HOSP_08,17.342293,78.507072
HOSP_09,17.370293,78.500937
HOSP_10,17.385287,78.487667
HOSP_11,17.421434,78.451571
HOSP_12,17.38554,78.474667
HOSP_13,17.437486,78.446247
HOSP_14,17.496944,78.397397
HOSP_15,17.446259,78.436085
HOSP_16,17.463138,78.352837
HOSP_17,17.341141,78.506736
HOSP_18,17.995256,79.546151
HOSP_19,17.368206,78.522245
HOSP_20,18.453183,79.165419
HOSP_21,17.05589,79.277382
HOSP_22,18.498499,79.15179
HOSP_23,17.725002,79.183953
HOSP_24,17.251764,80.144408
HOSP_25,17.351037,78.55525
HOSP_26,17.41607,78.445527
HOSP_27,17.437161,78.482954
HOSP_28,17.37493,78.499586
HOSP_29,18.798432,78.920451
HOSP_30,17.550568,80.621988
HOSP_31,17.665806,80.892762
HOSP_32,17.076366,78.206729
HOSP_33,18.381105,77.875122
HOSP_34,17.725603,79.150136
HOSP_35,17.593663,80.002659
HOSP_36,17.62274,78.1272611
HOSP_37,18.872222,79.444627
HOSP_38,16.233775,77.80871
HOSP_39,18.675558,78.099012
HOSP_40,17.392134,78.46298
HOSP_41,17.385923,78.403117
HOSP_42,17.329049,78.56401
HOSP_43,17.403778,78.457222
HOSP_44,17.990962,79.593469
HOSP_45,17.474993,78.568229
HOSP_46,17.24398,80.152162
HOSP_47,17.372535,78.499095
HOSP_48,17.35129,78.509575
HOSP_49,17.249823,80.152215
HOSP_50,18.442265,79.131752
HOSP_51,16.364933,78.063196
HOSP_52,17.424877,78.456966
HOSP_53,17.440781,78.502036
HOSP_54,17.35177,78.37382
HOSP_55,17.25495,77.586015
HOSP_56,16.744044,77.493116
HOSP_57,17.141785,79.606982
HOSP_58,17.430025,78.437124
HOSP_59,19.662521,78.525908
HOSP_60,17.402057,78.510147
HOSP_61,17.44395,78.504396
HOSP_62,17.405353,78.463123
HOSP_63,17.373593,78.475096
HOSP_64,18.01363,79.555848
HOSP_65,18.011007,79.559176
HOSP_66,18.096142,78.8416264
HOSP_67,18.017858,79.552709
HOSP_68,18.456864,79.135056
HOSP_69,18.671933,78.105549
HOSP_70,18.014212,79.555954
HOSP_71,17.399429,78.443704
HOSP_72,18.049093,78.272224
HOSP_73,17.414822,78.412654
HOSP_74,17.384666,78.482022
HOSP_75,18.005266,79.569893
HOSP_76,18.441346,79.130898
HOSP_77,17.977138,79.601468
HOSP_78,17.984863,79.604061
HOSP_79,17.626166,78.081401
HOSP_80,17.395778,78.502457
HOSP_81,17.4063,78.4645
HOSP_82,18.441482,79.129174
HOSP_83,17.344934,78.508758
HOSP_84,17.392727,78.479849
HOSP_85,17.39304,78.482039
HOSP_86,18.658841,77.887985
HOSP_87,16.750702,78.008591
HOSP_88,17.41762,78.429896
HOSP_89,17.356601,78.474004
HOSP_90,18.004887,79.575236
HOSP_91,16.757684,78.042903
HOSP_92,17.358689,78.478127
HOSP_93,17.982018,79.599135
HOSP_94,18.439455,79.131665
HOSP_95,18.426947,79.146774
HOSP_96,18.322918,78.337402
HOSP_97,17.368346,78.466932
HOSP_98,18.283242,79.473449
HOSP_99,18.676589,78.098464
HOSP_100,16.871707,79.555644
HOSP_101,17.511886,78.882704
HOSP_102,17.34525,78.55375
HOSP_103,17.238252,80.160568
HOSP_104,18.01044,79.56611
HOSP_105,17.409836,78.508595
HOSP_106,18.443964,79.127993
HOSP_107,18.759267,79.502316
HOSP_108,17.999625,79.584636
HOSP_109,17.971642,79.578582
HOSP_110,17.440022,78.504408
HOSP_111,17.367489,78.535726
HOSP_112,17.351061,78.555258
HOSP_113,17.481797,78.595149
HOSP_114,18.788528,78.292878
HOSP_115,16.603352,79.305695
HOSP_116,17.286413,79.093777
HOSP_117,16.692012,78.921221
HOSP_118,18.006338,79.555597
HOSP_119,17.842887,78.684842
HOSP_120,17.600596,80.704637
HOSP_121,19.100622,78.335806
HOSP_122,17.836655,78.072519
HOSP_123,17.987008,79.592516
HOSP_124,17.680197,77.613704
HOSP_125,17.213157,80.825063
HOSP_126,18.649915,79.663315
HOSP_127,16.357945,78.061422
HOSP_128,16.894364,79.871262
HOSP_129,19.105553,77.963745
HOSP_130,16.485048,78.317236
HOSP_131,17.54396,78.433246
HOSP_132,16.749304,78.000803
HOSP_133,17.53019,78.266751
HOSP_134,17.209337,80.664431
HOSP_135,18.023518,79.546674
HOSP_136,17.340126,78.521833
HOSP_137,18.6728448,78.1033264
HOSP_138,17.33563,77.90772
HOSP_139,16.67058,78.489733
HOSP_140,17.993556,79.594597
HOSP_141,17.40758,78.49291
HOSP_142,17.46424,78.457128
HOSP_143,18.790211,78.915276
HOSP_144,17.545181,78.433061
HOSP_145,18.663214,78.132943
HOSP_146,17.449842,78.682948
HOSP_147,18.389172,78.808476
HOSP_148,18.612382,79.379315
HOSP_149,17.930919,79.892546
HOSP_150,17.353234,78.474782
HOSP_151,17.36089,78.543254
HOSP_152,17.31355,78.136698
HOSP_153,17.39352,78.427109
HOSP_154,17.403262,78.509864
HOSP_155,18.674051,78.102852
HOSP_156,17.501921,78.388723
HOSP_157,17.345412,78.527166
HOSP_158,18.67493,78.106656
HOSP_159,17.402681,78.58274
HOSP_160,17.474935,78.570786
HOSP_161,17.367817,78.52093
HOSP_162,17.437735,78.452527
HOSP_163,17.367434,78.535523
HOSP_164,16.749817,77.983126
HOSP_165,17.418427,78.542824
HOSP_166,17.487879,78.564734
HOSP_167,17.398881,78.448088
HOSP_168,18.795259,78.922022
HOSP_169,18.005393,79.568972
HOSP_170,17.248945,80.149534
HOSP_171,17.35945,78.545218
HOSP_172,17.409138,78.598547
HOSP_173,18.673247,78.103717
HOSP_174,17.451853,78.437872
HOSP_175,18.441827,79.12873
HOSP_176,18.445013,79.124988
HOSP_177,17.251874,80.143979
HOSP_178,18.441511,79.126779
HOSP_179,16.751959,78.009965
HOSP_180,18.617224,79.385435
HOSP_181,18.004792,79.568542
HOSP_182,17.391885,78.437855
HOSP_183,17.250245,80.145912
HOSP_184,16.987262,77.71566
HOSP_185,17.417059,78.339426
HOSP_186,17.586897,78.093613
HOSP_187,18.005163,79.56254
HOSP_188,17.407346,78.444968
HOSP_189,17.4141927,78.4124893
HOSP_190,17.247688,80.151677
HOSP_191,17.252383,80.144121
HOSP_192,17.998447,79.558088
HOSP_193,17.146654,79.62155
HOSP_194,17.491204,78.401223
HOSP_195,17.490733,78.406821
HOSP_196,18.007388,79.565485
HOSP_197,17.993779,79.594768
HOSP_198,18.318083,78.334763
HOSP_199,17.36772,78.540433
HOSP_200,17.67172,80.891876
HOSP_201,18.003618,79.570017
HOSP_202,18.011292,79.560692
HOSP_203,17.470554,78.31123
HOSP_204,17.496089,78.337543
HOSP_205,18.097298,78.851975
HOSP_206,17.336966,78.569893
HOSP_207,18.1005998,78.8515539
HOSP_208,17.445527,78.56796
HOSP_209,18.198007,79.696266
HOSP_210,17.377274,78.558286
HOSP_211,18.003388,79.579875
HOSP_212,16.753798,77.999898
HOSP_213,18.025284,79.546556
HOSP_214,17.052936,79.274185
HOSP_215,16.745569,78.145822
HOSP_216,17.249473,78.894913
HOSP_217,17.557629,80.619268
HOSP_218,19.481796,79.577352
HOSP_219,19.367206,78.768676
HOSP_220,19.359861,79.291677
HOSP_221,18.006994,79.564952
HOSP_222,18.201045,79.701806
HOSP_223,18.189545,79.932387
HOSP_224,18.324099,80.413854
HOSP_225,17.398495,78.48493
HOSP_226,19.076046,79.476544
HOSP_227,19.040545,78.652272
HOSP_228,19.094793,78.342396
HOSP_229,17.929497,80.82369
HOSP_230,16.765813,78.157911
HOSP_231,16.752224,78.018727
HOSP_232,17.320699,78.517618
HOSP_233,17.058752,79.280733
HOSP_234,17.360198,78.504668
HOSP_235,17.587671,78.083676
HOSP_236,17.242876,81.118459
HOSP_237,18.15837885,78.66653847
HOSP_238,17.336033,78.411528
HOSP_239,17.137082,78.43425
HOSP_240,17.539227,77.765204
HOSP_241,16.370061,78.267283
HOSP_242,17.164612,79.42953
HOSP_243,18.1046488,78.8488829
HOSP_244,16.869009,79.566771
HOSP_245,19.104887,77.961545
HOSP_246,17.429423,78.450436
HOSP_247,18.659766,77.893813
HOSP_248,17.481054,78.533387
HOSP_249,17.433381,78.446076
HOSP_250,17.395732,78.496086
HOSP_251,15.880902,78.129735
HOSP_252,18.034908,77.77399
HOSP_253,17.594666,80.000938
HOSP_254,17.418337,78.458111
HOSP_255,17.40817,78.598826
HOSP_256,17.7191397,78.612499
HOSP_257,17.396049,78.559616
HOSP_258,17.408163,78.45171
HOSP_259,18.003626,79.570002
HOSP_260,16.868388,79.561191
HOSP_261,17.442199,78.358696
HOSP_262,17.995924,79.598132
HOSP_263,17.508803,78.30016
HOSP_264,18.011272,79.560702
HOSP_265,18.005117,79.562722
HOSP_266,18.673011,78.101829
HOSP_267,17.438229,78.55506
HOSP_268,16.995872,79.97091
HOSP_269,17.456461,78.439041
HOSP_270,18.673897,78.106942
HOSP_271,19.105654,77.963695
HOSP_272,18.441034,79.131137
HOSP_273,17.671356,80.889788
HOSP_274,17.446666,78.380244
HOSP_275,18.881123,79.439805
HOSP_276,17.423406,78.45088
HOSP_277,17.389847,78.495215
HOSP_278,17.405017,78.508686
HOSP_279,17.344692,78.459112
HOSP_280,17.407682,78.47815
HOSP_281,17.536453,78.488574
HOSP_282,17.424786,78.456687
HOSP_283,17.332214,78.299729
HOSP_284,18.674543,78.109224
HOSP_285,17.977884,79.609474
HOSP_286,19.102418,78.341119
HOSP_287,17.257128,80.163726
HOSP_288,17.492062,78.348126
HOSP_289,18.454702,79.134521
HOSP_290,17.595141,80.001618
HOSP_291,17.318327,77.922062
HOSP_292,18.825451,78.717012
HOSP_293,17.75316,79.106476
HOSP_294,17.977407,79.608649
HOSP_295,17.589719,78.075429
HOSP_296,18.881177,79.44037
HOSP_297,17.36471,78.42858
HOSP_298,17.436358,78.50044
HOSP_299,17.439712,78.450586
HOSP_300,17.372643,78.50132
HOSP_301,17.330724,78.439973
HOSP_302,18.002463,79.583346
HOSP_303,18.198187,79.697174
HOSP_304,18.031308,79.606438
HOSP_305,17.589089,79.654469
HOSP_306,17.539008,78.357606
HOSP_307,17.648124,79.059676
HOSP_308,17.451075,78.533968
HOSP_309,18.203539,79.399548
HOSP_310,17.66983,80.891749
HOSP_311,18.004524,79.583309
HOSP_312,18.797563,78.922459
HOSP_313,17.054375,79.268361
HOSP_314,17.92485,78.97109
HOSP_315,17.562694,78.205619
HOSP_316,17.424824,78.428179
HOSP_317,17.42491,78.422543
HOSP_318,17.992833,79.539444
HOSP_319,18.090176,78.917254
HOSP_320,18.440294,79.131661
HOSP_321,17.347128,78.520115
HOSP_322,18.0958157,78.8528184
HOSP_323,17.31874,78.481481
HOSP_324,17.449255,78.435582
HOSP_325,17.099997,80.050178
HOSP_326,18.072644,80.821697
HOSP_327,18.194452,78.01571
HOSP_328,18.944915,79.101113
HOSP_329,18.871577,78.340401
HOSP_330,17.78675,79.02699
HOSP_331,18.1371244,79.2093345
HOSP_332,18.84715,78.621976
HOSP_333,17.196863,78.648258
HOSP_334,17.735871,78.285005
HOSP_335,17.486804,78.399331
HOSP_336,19.347448,78.316388
HOSP_337,17.409224,80.503318
HOSP_338,17.36719,78.489241
HOSP_339,17.437207,78.543129
HOSP_340,17.436834,78.520692
HOSP_341,17.448212,78.423863
HOSP_342,17.336114,78.473319
HOSP_343,18.820602,78.706499
HOSP_344,18.9118,78.80939
HOSP_345,18.251198,78.434724
HOSP_346,18.532183,77.618142
HOSP_347,18.225254,77.823983
HOSP_348,18.362384,77.606255
HOSP_349,18.577282,79.168368
HOSP_350,19.160188,79.260353
HOSP_351,17.798905,79.982038
HOSP_352,17.485622,80.140718
HOSP_353,17.831265,78.477936
HOSP_354,18.300416,80.553282
HOSP_355,18.991536,77.927993
HOSP_356,18.574611,77.818109
HOSP_357,17.248772,80.147364
HOSP_358,17.719523,79.161941
HOSP_359,17.720468,79.164834
HOSP_360,18.528391,77.89775
HOSP_361,18.792876,78.28749
HOSP_362,18.580847,78.368496
HOSP_363,18.816777,78.45855
HOSP_364,18.489233,79.51976
HOSP_365,18.457963,78.865775
HOSP_366,18.311718,78.571444
HOSP_367,17.329059,78.605455
HOSP_368,16.996914,79.970438
HOSP_369,18.057194,79.530647
HOSP_370,16.337896,77.806756
HOSP_371,17.262803,78.393799
HOSP_372,17.178408,77.881124
HOSP_373,17.109879,77.623708
HOSP_374,18.39645,78.110204
HOSP_375,16.921124,80.362727
HOSP_376,18.1138637,78.4299215
HOSP_377,18.071075,77.60832
HOSP_378,17.980915,77.734238
HOSP_379,17.04711,78.66349
HOSP_380,16.849434,78.530304
HOSP_381,19.344425,79.48111
HOSP_382,17.98748,79.602114
HOSP_383,17.45392,78.421351
HOSP_384,19.355568,79.47501
HOSP_385,17.339472,78.547236
HOSP_386,16.753344,78.010433
HOSP_387,17.736382,78.283507
HOSP_388,17.34313,77.906801
HOSP_389,18.0964153,78.8525967
HOSP_390,17.997901,79.586912
HOSP_391,18.773496,78.010058
HOSP_392,18.88802,79.204325
HOSP_393,18.399174,77.703892
HOSP_394,16.45584,77.90523
HOSP_395,18.668361,78.10434
HOSP_396,18.002455,79.583342
HOSP_397,17.306612,78.148533
HOSP_398,17.592987,80.004083
HOSP_399,17.723312,79.170628
HOSP_400,19.087379,78.349128
HOSP_401,16.85742,77.61204
HOSP_402,16.4611,78.5978
HOSP_403,16.270173,78.513505
HOSP_404,16.375511,78.829691
HOSP_405,16.577396,78.051027
HOSP_406,16.117333,78.130354
HOSP_407,16.18907,78.05049
HOSP_408,17.594514,80.002337
HOSP_409,17.407069,78.597192
HOSP_410,18.379718,78.654657
HOSP_411,17.408976,78.49628
HOSP_412,17.394376,78.451801
HOSP_413,16.107315,78.320298
HOSP_414,17.442974,78.343502
HOSP_415,18.18027,79.52329
HOSP_416,18.032091,78.262098
HOSP_417,18.659947,77.894591
HOSP_418,17.341616,77.905651
HOSP_419,17.4223429,78.4518503
HOSP_420,18.0391334,78.2608985
HOSP_421,17.038207,79.261938
HOSP_422,16.380358,77.942267
HOSP_423,17.057648,79.276973
HOSP_424,18.292723,79.471972
HOSP_425,17.518219,78.482827
HOSP_426,17.488891,78.400446
HOSP_427,18.675075,78.08622
HOSP_428,16.754224,78.021743
HOSP_429,17.054063,79.276606
HOSP_430,18.833866,78.034118
HOSP_431,18.6398926,78.4583365
HOSP_432,18.9083936,78.4871478
HOSP_433,18.796559,78.294621
HOSP_434,18.657454,77.880735
HOSP_435,18.646591,77.897382
HOSP_436,18.681306,78.075973
HOSP_437,18.690146,78.113612
HOSP_438,18.692591,78.102833
HOSP_439,18.690986,78.110361
HOSP_440,18.670617,78.082383
HOSP_441,18.654148,78.081435
HOSP_442,18.662365,78.112733
HOSP_443,16.748009,77.999843
HOSP_444,17.597528,78.48887
HOSP_445,17.336551,78.576266
HOSP_446,17.148078,79.621863
HOSP_447,16.51562033,77.50864381
HOSP_448,16.235109,77.805098
HOSP_449,17.528477,78.362369
HOSP_450,17.602513,77.960002
HOSP_451,18.67489,78.102258
HOSP_452,18.002939,79.57044
HOSP_453,17.586084,80.329542
HOSP_454,17.37308,78.445976
HOSP_455,18.612385,78.194587
HOSP_456,18.290983,79.471448
HOSP_457,17.82946342,78.70416667
HOSP_458,17.978025,79.511372
HOSP_459,16.400231,78.638758
HOSP_460,17.391669,78.520898
HOSP_461,19.676472,78.530412
HOSP_462,16.99001,79.950453
HOSP_463,17.251123,80.157711
HOSP_464,17.320651,78.521387
HOSP_465,17.400953,78.579542
HOSP_466,17.336361,78.574784
HOSP_467,17.058584,79.280564
HOSP_468,18.001603,79.564688
HOSP_469,18.004634,79.568738
HOSP_470,16.726889,78.242375
HOSP_471,17.3313,78.5882
HOSP_472,17.344707,78.554576
HOSP_473,17.493977,78.398364
HOSP_474,18.001986,79.564867
HOSP_475,17.4909619,78.3943967
HOSP_476,17.145654,79.62333
HOSP_477,17.597282,79.996127
HOSP_478,18.673309,78.104057
HOSP_479,16.929509,80.363757
HOSP_480,17.588831,78.080879
HOSP_481,18.44057,79.86462
HOSP_482,18.72933,79.97918
HOSP_483,18.52731,79.31935
HOSP_484,17.922718,79.886449
HOSP_485,17.495652,78.452814
HOSP_486,17.419173,78.364128
HOSP_487,17.983805,79.577821
HOSP_488,17.516286,78.447687
HOSP_489,18.645176,77.888832
HOSP_490,17.4011888,78.3858016
HOSP_491,17.428838,78.439928
HOSP_492,17.493856,78.398279
HOSP_493,18.443216,79.129963
HOSP_494,17.438181,78.554991
HOSP_495,17.421434,78.451571
HOSP_496,16.867037,79.55957
HOSP_497,17.373339,78.414519
HOSP_498,17.456707,78.478555
HOSP_499,19.087729,78.347576
HOSP_500,19.104868,78.339875
HOSP_501,18.45404,79.13415
HOSP_502,17.410388,78.463928
HOSP_503,16.5179,78.001546
HOSP_504,18.326463,78.350248
HOSP_505,17.248005,80.14748
HOSP_506,17.556012,80.616417
HOSP_507,17.258936,80.158252
HOSP_508,17.773999,79.572166
HOSP_509,18.859022,79.794337
HOSP_510,17.636443,78.475356
HOSP_511,18.674388,78.103892
HOSP_512,17.249719,80.147718
HOSP_513,17.229514,80.260468
HOSP_514,17.243242,80.142556
HOSP_515,17.053692,79.27418
HOSP_516,16.690872,78.919
HOSP_517,18.453658,79.134668
HOSP_518,17.450521,78.387329
HOSP_519,17.446893,78.38423
HOSP_520,17.5314416,78.4848889
HOSP_521,17.998166,79.556879
HOSP_522,17.672126,80.895092
HOSP_523,18.08513,79.36522
HOSP_524,17.144887,79.62052
HOSP_525,16.776702,79.31852
HOSP_526,18.032795,79.631177
HOSP_527,18.1006342,78.8515585
HOSP_528,17.4649034,78.3432608
HOSP_529,18.790612,78.918267
HOSP_530,17.247766,80.150197
HOSP_531,18.44257,79.13241
HOSP_532,17.431439,78.446743
HOSP_533,18.785723,78.302273
HOSP_534,16.756754,78.146632
HOSP_535,17.4638455,78.2027479
HOSP_536,17.3353449,78.5768579
HOSP_537,17.4954657,78.4506279
HOSP_538,17.039234,79.261083
HOSP_539,17.4957321,78.3559195
HOSP_540,17.338992,78.426692
HOSP_541,18.438749,79.867058
HOSP_542,17.596442,78.44288
HOSP_543,19.0859,78.351578
HOSP_544,17.494745,78.321692
HOSP_545,18.445708,79.13413
HOSP_546,17.436394,78.452706
HOSP_547,16.997176,79.957126
HOSP_548,19.671701,78.533963
HOSP_549,18.39563,78.813756
HOSP_550,17.039413,79.259348
HOSP_551,17.248362,80.148869
HOSP_552,17.054772,79.266468
HOSP_553,17.4153609,78.49756
HOSP_554,18.438061,79.13124
HOSP_555,18.009714,79.564644
HOSP_556,18.882924,79.443041
HOSP_557,17.923145,79.886552
HOSP_558,17.4078151,78.437077
HOSP_559,17.4952271,78.3574191
HOSP_560,17.396818,78.472693
HOSP_561,17.249635,80.146888
HOSP_562,17.24876,80.14555
HOSP_563,17.254515,77.3025942
HOSP_564,17.05409888,79.272407
HOSP_565,17.0582898,79.28101
HOSP_566,18.797874,78.923184
HOSP_567,17.292033,78.4957142
HOSP_568,18.445273,79.13057
HOSP_569,17.477273,78.420663
HOSP_570,17.592528,80.014681
HOSP_571,17.592234,78.08474
HOSP_572,17.039333,79.256753
HOSP_573,18.782842,78.299102
HOSP_574,16.869719,79.562527
HOSP_575,18.79077,78.917848
HOSP_576,17.615274,77.955162
HOSP_577,17.260741,78.385474
HOSP_578,18.425418,79.13517
HOSP_579,17.437938,78.3653994
HOSP_580,17.4381226,78.2829073
HOSP_581,17.250196,80.145414
HOSP_582,19.10539,77.96164
HOSP_583,17.3272,78.5559
HOSP_584,17.6379278,78.4829614
HOSP_585,17.4389353,78.4961045
HOSP_586,18.09912478,78.85577201
HOSP_587,18.44131,79.13138
HOSP_588,17.837654,78.699233
HOSP_589,17.339013,78.5236
HOSP_590,17.511866,78.885818
HOSP_591,16.868791,79.56307
HOSP_592,17.66704,80.891568
HOSP_593,18.325753,78.339185
HOSP_594,17.593295,78.071575
HOSP_595,17.44185,78.448123
HOSP_596,17.4909521,78.3970545
HOSP_597,16.751585,78.00919
HOSP_598,17.25544,78.02489
HOSP_599,17.303205,77.775613
HOSP_600,17.21289,77.47785
HOSP_601,17.51788,77.89998
HOSP_602,17.58569,77.79443
HOSP_603,17.12446,77.9683
HOSP_604,17.10451,77.8548
HOSP_605,17.21488,77.46825
HOSP_606,17.3603,77.54931
HOSP_607,17.33409,77.77565
HOSP_608,17.17589,77.62716
HOSP_609,17.08575,77.53851
HOSP_610,17.00999,77.56157
HOSP_611,17.216789,77.426453
HOSP_612,17.17914,77.74186
HOSP_613,17.251,77.5843
HOSP_614,17.20367,77.47163
HOSP_615,17.344734,78.518291
HOSP_616,17.416315,78.389847
HOSP_617,17.46364,78.57056
HOSP_618,17.3448,78.54867
HOSP_619,17.31676,78.52493
HOSP_620,17.11271,78.54083
HOSP_621,17.13680557,78.52068471
HOSP_622,16.801771,78.441826
HOSP_623,17.512744,78.284096
HOSP_624,17.346911,78.471553
HOSP_625,17.37479,78.48425
HOSP_626,16.20663,77.99344
HOSP_627,18.051668,79.764567
HOSP_628,17.36211,78.47808
HOSP_629,18.24760702,79.02208257
HOSP_630,17.48132,78.50187
HOSP_631,17.850823,79.372735
HOSP_632,17.837645,78.699218
HOSP_633,17.199797,80.554509
HOSP_634,18.3685553,79.761383
HOSP_635,17.48522704,78.5015383
HOSP_636,17.988586,79.504593
HOSP_637,18.89158,78.349519
HOSP_638,17.425062,78.436443
HOSP_639,18.922241,79.034479
HOSP_640,17.86626,79.297916
HOSP_641,17.78675,79.02699
HOSP_642,17.537235,79.355943
HOSP_643,17.778679,79.299195
HOSP_644,17.75351,79.07729
HOSP_645,17.657943,79.198367
HOSP_646,17.758094,79.255672
HOSP_647,17.728332,79.165714
HOSP_648,18.244298,79.769028
HOSP_649,18.51636,80.05927
HOSP_650,18.412852,79.851938
HOSP_651,18.631067,79.948917
HOSP_652,18.33214,79.67344
HOSP_653,18.540469,79.749789
HOSP_654,18.690876,80.072176
HOSP_655,18.371021,79.841188
HOSP_656,18.73157,79.9864
HOSP_657,15.946308,77.85856
HOSP_658,16.12981,77.57675
HOSP_659,16.23463,77.70212
HOSP_660,15.964,77.9413
HOSP_661,15.972561,78.088812
HOSP_662,16.23401,77.80564
HOSP_663,16.024998,77.66758
HOSP_664,16.12171,77.700691
HOSP_665,17.07132,78.48629
HOSP_666,16.97024,78.17747
HOSP_667,18.440122,79.124818
HOSP_668,17.585636,78.26196
HOSP_669,19.459525,78.35128
HOSP_670,17.377047,78.490487
HOSP_671,17.436469,78.366855
HOSP_672,18.442357,79.126274
HOSP_673,18.84721,78.622393
HOSP_674,16.734126,77.985576
HOSP_675,17.058058,79.2764
HOSP_676,17.053736,79.268972
HOSP_677,17.058997,79.269245
HOSP_678,16.234424,77.805664
HOSP_679,16.748526,78.001217
HOSP_680,17.471117,78.777363
HOSP_681,16.742197,77.499228
HOSP_682,17.25204,79.46197
HOSP_683,17.6602191,78.4150624
HOSP_684,18.033534,79.93361
HOSP_685,17.25016,80.14761
HOSP_686,17.589798,80.322197
HOSP_687,17.24912,80.14879
HOSP_688,18.300926,78.819682
HOSP_689,18.432902,78.82866
HOSP_690,18.481988,78.693043
HOSP_691,18.304335,78.955896
HOSP_692,18.293751,78.712306
HOSP_693,18.467768,78.86219
HOSP_694,18.57355,78.776347
HOSP_695,19.11145,79.6605912
HOSP_696,19.49198,79.32102
HOSP_697,19.213534,79.231546
HOSP_698,19.160295,79.260422
HOSP_699,19.101795,79.243807
HOSP_700,19.33639,78.946238
HOSP_701,19.257053,79.012834
HOSP_702,19.373989,78.907729
HOSP_703,19.385294,78.87518
HOSP_704,19.343374,79.508308
HOSP_705,19.269932,79.765133
HOSP_706,19.257326,79.709284
HOSP_707,19.344092,79.862337
HOSP_708,19.491381,79.788414
HOSP_709,19.351768,79.47611
HOSP_710,19.356049,79.487924
HOSP_711,18.464776,77.802059
HOSP_712,17.38714,78.491684
HOSP_713,18.3101255,79.873599
HOSP_714,18.371316,78.819926
HOSP_715,19.371067,79.551393
HOSP_716,18.2600185,78.3303786
HOSP_717,18.5774226,79.16848514
HOSP_718,18.453925,79.10362
HOSP_719,17.798166,79.946376
HOSP_720,17.249161,80.140007
HOSP_721,17.1917741,80.3575128
HOSP_722,16.44630718,77.53781326
HOSP_723,18.843488,79.586026
HOSP_724,19.080521,79.49
HOSP_725,16.94906,78.18463
HOSP_726,17.50173,78.45849
HOSP_727,17.4622775,78.5585539
HOSP_728,18.190381,79.942356
HOSP_729,16.077114,78.258202
HOSP_730,17.292611,79.23499
HOSP_731,19.582139,78.847424
HOSP_732,18.17722,79.52532
HOSP_733,16.868161,79.103322
HOSP_734,17.65607,78.42535
HOSP_735,18.796749,78.925135
HOSP_736,16.7524375,77.9966875
HOSP_737,17.4962235,78.3180531
HOSP_738,17.2118472,78.4726346
HOSP_739,16.359612,78.063651
HOSP_740,17.407548,78.598558
HOSP_741,17.4909884,78.3942162
HOSP_742,18.519365,77.706223
HOSP_743,18.437695,78.000007
HOSP_744,18.226857,77.93271
HOSP_745,18.290575,77.761968
HOSP_746,18.403614,78.46025
HOSP_747,18.214453,78.524858
HOSP_748,18.29334,78.223049
HOSP_749,18.327439,78.498109
HOSP_750,18.410129,78.370746
HOSP_751,18.408253,78.269091
HOSP_752,18.329492,78.319109
HOSP_753,18.33749,78.34742
HOSP_754,18.238442,78.126277
HOSP_755,18.110772,78.131476
HOSP_756,18.399315,77.766803
HOSP_757,18.49075,79.10366
HOSP_758,18.39716,79.19371
HOSP_759,18.35727,79.16985
HOSP_760,18.239098,79.193963
HOSP_761,18.58244,79.11402
HOSP_762,18.509943,79.190779
HOSP_763,18.63655,79.09353
HOSP_764,18.58653,79.05917
HOSP_765,18.28474,79.29724
HOSP_766,18.21884,79.29913
HOSP_767,18.670683,78.108855
HOSP_768,18.674723,78.101697
HOSP_769,16.864747,79.55849
HOSP_770,17.774072,79.578493
HOSP_771,17.976063,79.522309
HOSP_772,19.085734,78.866432
HOSP_773,19.101887,78.347725
HOSP_774,17.2524,78.8971
HOSP_775,17.672146,77.614403
HOSP_776,17.79104,80.88104
HOSP_777,17.34847,78.47759
HOSP_778,18.629758,79.245644
HOSP_779,16.61186,78.0476
HOSP_780,17.391081,78.480336
HOSP_781,17.3403263,78.4616617
HOSP_782,16.292294,77.876147
HOSP_783,17.895094,79.928128
HOSP_784,17.373465,78.44667
HOSP_785,17.050857,79.983531
HOSP_786,17.915174,78.718392
HOSP_787,18.871076,78.699735
HOSP_788,17.756426,78.812248
HOSP_789,17.12186,78.37258
HOSP_790,17.884934,79.167154
HOSP_791,18.482467,80.130325
HOSP_792,19.406694,79.219214
HOSP_793,19.440455,79.047158
HOSP_794,18.57043,78.99718
HOSP_795,17.910549,80.057209
HOSP_796,17.2154894,80.4216985
HOSP_797,18.871362,79.42867
HOSP_798,17.97668,78.461201
HOSP_799,17.37463,78.55829
HOSP_800,18.231595,80.31501
HOSP_801,16.34137,78.3146
HOSP_802,16.921161,79.533604
HOSP_803,19.628153,78.734545
HOSP_804,16.4590894,77.4293184
HOSP_805,17.398063,79.378518
HOSP_806,17.911694,79.53593
HOSP_807,18.006376,79.555587
HOSP_808,17.46518,80.67009
HOSP_809,18.762018,78.34048
HOSP_810,17.82957,77.748606
HOSP_811,17.6968,78.4205
HOSP_812,18.24039,79.451397
HOSP_813,18.407571,79.362924
HOSP_814,18.35429,79.41603
HOSP_815,18.2937,79.50599
HOSP_816,18.395105,79.553144
HOSP_817,18.43011,79.15028
HOSP_818,18.42824,79.11316
HOSP_819,18.4402,79.14786
HOSP_820,18.45328,79.13163
HOSP_821,17.55912,80.141266
HOSP_822,17.58471,79.65864
HOSP_823,17.386057,79.891732
HOSP_824,17.497909,80.3380213
HOSP_825,17.66485,79.800914
HOSP_826,17.72755,79.956781
HOSP_827,17.8219615,80.2014543
HOSP_828,17.520475,80.003675
HOSP_829,17.49166,79.86746
HOSP_830,17.477134,80.070889
HOSP_831,17.429771,80.150584
HOSP_832,17.582461,79.756559
HOSP_833,19.333488,78.814018
HOSP_834,17.49166,79.86746
HOSP_835,17.690894,79.881573
HOSP_836,16.86454,80.47723
HOSP_837,17.72282897,78.54607737
HOSP_838,17.38755,77.74061
HOSP_839,16.08577,77.85348
HOSP_840,18.372373,78.65012
HOSP_841,18.195192,78.400761
HOSP_842,18.451918,78.20245
HOSP_843,18.42128,79.1238
HOSP_844,17.0913189,80.0192574
HOSP_845,17.666531,80.5549561
HOSP_846,16.8735601,77.8903971
HOSP_847,17.945089,78.120626
HOSP_848,17.40302,78.5606
HOSP_849,16.347921,78.456596
HOSP_850,16.67994787,78.78196153
HOSP_851,17.25669,78.33293
HOSP_852,18.718577,78.279857
HOSP_853,17.607153,78.08351
HOSP_854,18.971265,78.360345
HOSP_855,17.4851,78.1743
HOSP_856,17.32616,78.2743
HOSP_857,18.101233,78.853967
HOSP_858,17.9899766,78.57252894
HOSP_859,18.03666,80.61949
HOSP_860,17.65586,80.50876
HOSP_861,17.371631,78.491016
HOSP_862,18.604608,79.69218
HOSP_863,18.711092,79.418844
HOSP_864,16.29271,77.89491
HOSP_865,17.43316,78.48756
HOSP_866,17.3844,78.44081
HOSP_867,17.963102,79.69626
HOSP_868,17.4213252,78.5119599
HOSP_869,17.3376,78.484805
HOSP_870,17.40322,78.440287
HOSP_871,17.326784,79.695921
HOSP_872,18.705783,78.939202
HOSP_873,18.753027,78.688653
HOSP_874,17.948377,79.282287
HOSP_875,18.085776,78.678897
HOSP_876,18.209494,80.590536
HOSP_877,16.92374,78.94721
HOSP_878,17.31639,78.484612
HOSP_879,19.105161,78.339624
HOSP_880,17.369535,78.53141
HOSP_881,17.133055,79.628641
HOSP_882,18.004396,79.568184
HOSP_883,17.531185,78.26144
HOSP_884,18.674051,78.103634
HOSP_885,17.495523,78.399746
HOSP_886,17.32398,77.915892
HOSP_887,17.426987,78.650844
HOSP_888,17.0251537,80.264191
HOSP_889,18.859514,79.794041
HOSP_890,17.1246792,80.2084273
HOSP_891,17.3309729,80.4403014
HOSP_892,17.4499023,80.2836996
HOSP_893,17.2222324,80.292059
HOSP_894,17.2246581,79.9556424
HOSP_895,17.1808554,80.6999564
HOSP_896,17.3448459,80.224236
HOSP_897,16.9502811,80.4090044
HOSP_898,17.30034804,80.09685517
HOSP_899,17.09985871,80.05093575
HOSP_900,17.1710695,80.2614037
HOSP_901,17.5364209,80.2878794
HOSP_902,17.3358983,79.9024779
HOSP_903,17.31289,80.03323
HOSP_904,17.24916,80.14001
HOSP_905,17.1301825,80.7907103
HOSP_906,17.2578164,80.1379736
HOSP_907,17.22946,80.14811
HOSP_908,17.2279693,80.1400671
HOSP_909,16.5114113,77.9324565
HOSP_910,16.62336232,77.98456192
HOSP_911,16.3181878,77.9196023
HOSP_912,16.8981925,78.027414
HOSP_913,17.0232306,77.9824303
HOSP_914,18.33214,79.67344
HOSP_915,17.362678,78.53606
HOSP_916,18.411713,79.62863
HOSP_917,16.196354,77.999682
HOSP_918,19.344425,79.48111
HOSP_919,17.371351,79.124688
HOSP_920,18.129505,78.009725
HOSP_921,17.580608,80.109462
HOSP_922,17.25484,80.13195
HOSP_923,16.74176,78.31645
HOSP_924,17.95345,77.83315
HOSP_925,17.53291,78.48307
HOSP_926,17.5161941,78.5083258
HOSP_927,16.69026,78.70532
HOSP_928,16.98533,79.06381
HOSP_929,19.718238,78.77145
HOSP_930,16.79434,79.31373
HOSP_931,16.8187977,77.5031764
HOSP_932,17.48721,78.31723
HOSP_933,17.989462,79.450626
HOSP_934,18.512598,78.940806
HOSP_935,18.475073,78.966951
HOSP_936,18.435383,78.943853
HOSP_937,18.391312,78.800737
HOSP_938,18.391546,78.81646
HOSP_939,16.867011,79.55721
HOSP_940,17.05367,79.276744
HOSP_941,17.506401,78.516053
HOSP_942,17.522589,78.516854
HOSP_943,19.67343,78.531786
HOSP_944,16.730786,77.89389
HOSP_945,16.810587,77.919602
HOSP_946,16.63452,77.81247
HOSP_947,16.44935935,77.80872971
HOSP_948,16.90668622,77.83301175
HOSP_949,17.46758,78.4579
HOSP_950,16.7705646,78.1899293
HOSP_951,16.77509,78.12773
HOSP_952,16.86343,78.158413
HOSP_953,16.743135,77.895333
HOSP_954,16.73866,77.99579
HOSP_955,16.76065,77.99526
HOSP_956,16.756618,78.788689
HOSP_957,19.125052,78.994052
HOSP_958,19.056016,79.098995
HOSP_959,18.992859,79.156561
HOSP_960,18.934501,79.193824
HOSP_961,18.864972,79.309897
HOSP_962,18.899505,79.455958
HOSP_963,18.859863,79.468256
HOSP_964,18.772387,79.611965
HOSP_965,18.804994,79.781826
HOSP_966,18.953878,79.793058
HOSP_967,19.098721,79.843295
HOSP_968,18.995199,79.46939
HOSP_969,16.937151,78.868519
HOSP_970,19.102883,78.159992
HOSP_971,19.491954,79.321108
HOSP_972,19.500658,78.852849
HOSP_973,19.373962,78.907715
HOSP_974,19.344099,79.862335
HOSP_975,17.413393,79.589393
HOSP_976,17.079799,79.865513
HOSP_977,17.35081,80.96349
HOSP_978,19.105017,77.964407
HOSP_979,18.1106,77.7395
HOSP_980,17.91011,80.32209
HOSP_981,17.40484,78.5264
HOSP_982,18.591554,77.880495
HOSP_983,16.3959,78.14435
HOSP_984,17.385327,78.488886
HOSP_985,17.09314,78.03894
HOSP_986,17.3454891,78.4869121
HOSP_987,18.01617,79.622934
HOSP_988,17.370722,78.508507
HOSP_989,17.361921,78.465344
HOSP_990,16.992142,79.956847
HOSP_991,18.987048,79.478725
HOSP_992,19.029188,79.431143
HOSP_993,19.154895,79.44649
HOSP_994,19.195606,79.580571
HOSP_995,19.078033,79.624767
HOSP_996,19.074847,79.498553
HOSP_997,18.0476654,78.18634535
HOSP_998,18.06255833,78.49932167
HOSP_999,17.908209,77.986534
HOSP_1000,18.085745,78.179728
HOSP_1001,17.764833,78.468499
HOSP_1002,18.052205,77.910525
HOSP_1003,18.044627,78.431309
HOSP_1004,17.983303,78.410006
HOSP_1005,17.901473,78.205514
HOSP_1006,17.902014,78.371357
HOSP_1007,17.779999,78.25604
HOSP_1008,18.045326,78.085452
HOSP_1009,17.956257,78.189437
HOSP_1010,17.97652971,78.02975217
HOSP_1011,17.9676622,77.937869
HOSP_1012,18.063175,78.271253
HOSP_1013,17.49233,78.49223
HOSP_1014,17.51187,78.561966
HOSP_1015,17.5152,78.66205
HOSP_1016,17.4836883,78.45087
HOSP_1017,18.909616,78.581637
HOSP_1018,18.06134258,79.03537261
HOSP_1019,17.485359,78.411345
HOSP_1020,17.395943,78.430346
HOSP_1021,17.0616289,79.274296
HOSP_1022,17.35039,78.51197
HOSP_1023,17.3704088,78.5251052
HOSP_1024,17.3705609,78.4452772
HOSP_1025,18.0959087,78.85082974
HOSP_1026,18.438603,78.945624
HOSP_1027,17.9963783,79.548175
HOSP_1028,18.44567,79.13346
HOSP_1029,17.67962,77.614828
HOSP_1030,17.9836,79.52041
HOSP_1031,17.24465,80.15062
HOSP_1032,18.446427,79.134213
HOSP_1033,17.9210179,78.9727237
HOSP_1034,17.054031,79.27528
HOSP_1035,18.32175,79.6437
HOSP_1036,19.547633,79.640816
HOSP_1037,17.659883,80.055308
HOSP_1038,16.758596,77.788833
HOSP_1039,16.510933,78.480521
HOSP_1040,19.422657,78.739826
HOSP_1041,17.48334,78.36045
HOSP_1042,18.93353,78.186108
HOSP_1043,17.233605,78.894101
HOSP_1044,17.405965,78.485118
HOSP_1045,16.879646,79.816882
HOSP_1046,17.763036,79.380521
HOSP_1047,17.97736418,78.85858529
HOSP_1048,17.252857,80.14097
HOSP_1049,18.033908,79.630634
HOSP_1050,17.25289,80.14546
HOSP_1051,17.4627468,78.3811788
HOSP_1052,19.08707,78.34869
HOSP_1053,17.4199,78.63212
HOSP_1054,17.5936373,78.5692983
HOSP_1055,17.4483888,78.5283416
HOSP_1056,17.445746,78.578678
HOSP_1057,17.49025,78.32193
HOSP_1058,17.50163,78.45866
HOSP_1059,17.51521,78.44515
HOSP_1060,17.48382,78.533145
HOSP_1061,17.4293759,78.4979098
HOSP_1062,17.52583,78.42171
HOSP_1063,17.61849,78.48879
HOSP_1064,17.50082,78.42539
HOSP_1065,17.375634,78.542988
HOSP_1066,17.49268,78.40539
HOSP_1067,16.60094,77.98232
HOSP_1068,17.40475,78.59233
HOSP_1069,17.6183695,78.4860608
HOSP_1070,17.4686399,78.5433281
HOSP_1071,17.481102,78.503005
HOSP_1072,17.53887,78.43647
HOSP_1073,17.3863335,78.5272961
HOSP_1074,17.50545,78.40782
HOSP_1075,17.6551275,78.676726
HOSP_1076,18.251024,80.510329
HOSP_1077,18.672339,78.102974
HOSP_1078,17.053675,79.26885
HOSP_1079,17.2521,80.150142
HOSP_1080,16.890023,78.416303
HOSP_1081,17.4183089,78.542858
HOSP_1082,18.881879,79.443967
HOSP_1083,18.00523,79.573415
HOSP_1084,16.750115,78.00126
HOSP_1085,16.868014,79.562386
HOSP_1086,18.520823,80.34119
HOSP_1087,18.404496,80.373863
HOSP_1088,18.134817,80.730092
HOSP_1089,18.193396,80.162118
HOSP_1090,18.135901,80.041386
HOSP_1091,18.08254,80.2427
HOSP_1092,18.140997,80.632912
HOSP_1093,18.533933,80.396675
HOSP_1094,18.439241,80.47565
HOSP_1095,18.158842,80.39411
HOSP_1096,16.66581,78.19327
HOSP_1097,16.38489,78.43224
HOSP_1098,16.48663,78.30892
HOSP_1099,16.74264,78.54399
HOSP_1100,16.60733,78.6252
HOSP_1101,16.26605,78.28667
HOSP_1102,16.62223,78.3907
HOSP_1103,16.37059,78.75852
HOSP_1104,16.45181,78.45611
HOSP_1105,16.249863,78.821282
HOSP_1106,16.546213,78.144753
HOSP_1107,16.532417,78.207062
HOSP_1108,16.2767391,78.4425108
HOSP_1109,17.247728,80.147148
HOSP_1110,17.510948,78.480259
HOSP_1111,16.5182,78.35989
HOSP_1112,16.43338,78.87734
HOSP_1113,16.3312121,78.5632602
HOSP_1114,16.710501,78.249474
HOSP_1115,17.072589,79.186783
HOSP_1116,17.057418,79.276298
HOSP_1117,17.057388,79.277112
HOSP_1118,17.0906704,79.173789
HOSP_1119,16.99104,79.220105
HOSP_1120,17.12522,77.96819
HOSP_1121,17.229047,79.01642
HOSP_1122,17.08408,79.07552
HOSP_1123,17.21703,79.19437
HOSP_1124,17.15946,79.31043
HOSP_1125,17.306135,79.383502
HOSP_1126,17.020051,79.412278
HOSP_1127,17.053644,79.258147
HOSP_1128,17.071657,79.284427
HOSP_1129,17.053767,79.260123
HOSP_1130,16.666171,79.503724
HOSP_1131,16.855013,79.548045
HOSP_1132,16.867828,79.634064
HOSP_1133,17.11244,79.54685
HOSP_1134,16.76754,79.62401
HOSP_1135,16.66328,79.51357
HOSP_1136,19.333488,78.814018
HOSP_1137,19.413913,78.801105
HOSP_1138,19.6149985,78.9107522
HOSP_1139,19.492561,78.670222
HOSP_1140,19.501947,78.509466
HOSP_1141,19.681815,78.425033
HOSP_1142,19.30107,78.40254
HOSP_1143,19.417448,78.31451
HOSP_1144,19.4224,78.453837
HOSP_1145,19.528794,78.510542
HOSP_1146,19.333488,78.814018
HOSP_1147,19.773166,78.421979
HOSP_1148,19.774443,78.542167
HOSP_1149,19.64189,78.39545
HOSP_1150,19.681884,78.529298
HOSP_1151,19.663716,78.539198
HOSP_1152,19.691504,78.542442
HOSP_1153,19.607214,78.572177
HOSP_1154,19.736472,78.577973
HOSP_1155,19.67876,78.520759
HOSP_1156,19.668998,78.539424
HOSP_1157,17.40246,78.56069
HOSP_1158,18.127706,79.342703
HOSP_1159,18.094032,79.452189
HOSP_1160,16.831502,79.473156
HOSP_1161,16.88112,79.36856
HOSP_1162,16.728869,79.207383
HOSP_1163,16.602844,79.305843
HOSP_1164,16.880391,79.561336
HOSP_1165,16.85416,79.5442
HOSP_1166,16.90531,78.81568
HOSP_1167,16.56589,78.91526
HOSP_1168,16.556516,78.688541
HOSP_1169,16.80297,78.82057
HOSP_1170,16.969251,78.727022
HOSP_1171,16.937151,78.868519
HOSP_1172,16.75313,79.07206
HOSP_1173,16.77135,79.07734
HOSP_1174,16.690631,78.821652
HOSP_1175,16.8953033,77.7122996
HOSP_1176,17.37569323,78.5428976
HOSP_1177,16.756734,77.643805
HOSP_1178,16.59862,77.73151
HOSP_1179,16.48131,77.676826
HOSP_1180,16.58177,77.59595
HOSP_1181,16.43246292,77.54957199
HOSP_1182,16.64867,77.516617
HOSP_1183,19.00849,78.38361
HOSP_1184,19.066782,78.299378
HOSP_1185,16.85482,78.53006
HOSP_1186,16.95427,78.52119
HOSP_1187,17.30879,78.44042
HOSP_1188,17.38437,78.3627
HOSP_1189,17.34195,78.43434
HOSP_1190,17.21954,78.33605
HOSP_1191,17.318475,78.449533
HOSP_1192,17.627446,79.102968
HOSP_1193,17.585176,78.944591
HOSP_1194,17.547102,79.050733
HOSP_1195,17.728299,78.918922
HOSP_1196,17.565238,78.742083
HOSP_1197,17.656289,78.829412
HOSP_1198,17.4673,79.137624
HOSP_1199,17.469897,78.793517
HOSP_1200,17.488245,78.767131
HOSP_1201,17.457865,79.271164
HOSP_1202,17.33814,78.94365
HOSP_1203,17.249318,78.894902
HOSP_1204,17.375248,79.021119
HOSP_1205,17.160624,78.884654
HOSP_1206,17.323322,79.16535
HOSP_1207,17.504758,79.292437
HOSP_1208,17.526367,78.898079
HOSP_1209,18.115548,79.406712
HOSP_1210,18.084504,79.366474
HOSP_1211,18.09241126,79.59772422
HOSP_1212,17.86862,79.557572
HOSP_1213,17.955026,79.505894
HOSP_1214,18.00374,79.327647
HOSP_1215,18.075817,79.740076
HOSP_1216,18.217333,79.655159
HOSP_1217,18.117304,79.731082
HOSP_1218,18.01569283,79.54682264
HOSP_1219,18.01853,79.55884
HOSP_1220,17.980923,79.563675
HOSP_1221,18.00561,79.58481
HOSP_1222,17.38874,80.64032
HOSP_1223,17.31889,80.69261
HOSP_1224,17.33348,81.15979
HOSP_1225,17.80831,81.18392
HOSP_1226,17.82834,80.47475
HOSP_1227,17.851,80.6914
HOSP_1228,17.6332723,80.8114792
HOSP_1229,18.0725,80.82671
HOSP_1230,18.01717,80.86684
HOSP_1231,17.26742,81.01059
HOSP_1232,17.85494,80.90029
HOSP_1233,19.042636,78.407621
HOSP_1234,19.093206,78.227336
HOSP_1235,19.10292,78.160021
HOSP_1236,19.215417,78.251972
HOSP_1237,19.017937,78.464639
HOSP_1238,19.079028,78.52455
HOSP_1239,19.100286,78.335625
HOSP_1240,19.194964,78.635151
HOSP_1241,19.110226,78.35365
HOSP_1242,19.086776,78.337106
HOSP_1243,19.040553,78.65226
HOSP_1244,19.100287,78.33562
HOSP_1245,19.262074,77.944459
HOSP_1246,19.175439,78.10242
HOSP_1247,19.181038,77.985098
HOSP_1248,19.007638,77.836817
HOSP_1249,19.026137,78.08803
HOSP_1250,18.882241,77.9529233
HOSP_1251,18.991536,77.927993
HOSP_1252,19.114053,77.966142
HOSP_1253,19.105017,77.964407
HOSP_1254,19.105017,77.964407
HOSP_1255,18.7016214,78.4480669
HOSP_1256,18.782636,78.52072
HOSP_1257,18.832406,78.281684
HOSP_1258,18.545048,78.242943
HOSP_1259,18.838676,78.516531
HOSP_1260,19.6759887,78.5302216
HOSP_1261,17.594661,80.000943
HOSP_1262,17.29103,79.09199
HOSP_1263,17.5176,78.8875
HOSP_1264,16.36149,78.43922
HOSP_1265,17.291031,79.091988
HOSP_1266,17.9913,77.69704
HOSP_1267,18.198647,77.845666
HOSP_1268,17.99125,77.69699
HOSP_1269,17.981,77.7342
HOSP_1270,18.09404833,77.87660833
HOSP_1271,18.078437,77.766643
HOSP_1272,17.8779,77.6773
HOSP_1273,17.663703,77.712154
HOSP_1274,17.584335,77.608559
HOSP_1275,17.556189,77.686013
HOSP_1276,17.6158,77.4983
HOSP_1277,17.631451,78.332681
HOSP_1278,17.60735,78.0736
HOSP_1279,17.624482,78.088291
HOSP_1280,17.5596224,78.3414295
HOSP_1281,17.53091,78.270392
HOSP_1282,17.684021,77.93442
HOSP_1283,17.78975,77.9027
HOSP_1284,17.714116,78.205502
HOSP_1285,17.752618,78.165471
HOSP_1286,17.842864,77.975627
HOSP_1287,17.760304,77.708922
HOSP_1288,17.91618,80.91828
HOSP_1289,17.60609,80.74713
HOSP_1290,17.40901,80.50323
HOSP_1291,17.61875,80.63324
HOSP_1292,18.25134,80.51249
HOSP_1293,17.59613,80.70406
HOSP_1294,18.09901,80.68866
HOSP_1295,18.02543,80.69291
HOSP_1296,17.43231,80.63491
HOSP_1297,17.58588,80.32937
HOSP_1298,17.65587,80.50877
HOSP_1299,17.645145,80.866429
HOSP_1300,17.437605,78.542991
HOSP_1301,17.391015,78.451511
HOSP_1302,17.38452,78.46454
HOSP_1303,17.34569,78.47072
HOSP_1304,17.3561167,78.4795009
HOSP_1305,17.44164,78.44791
HOSP_1306,17.418112,78.499728
HOSP_1307,17.30148,78.46487
HOSP_1308,17.41854,78.44536
HOSP_1309,17.37584,78.47068
HOSP_1310,17.42951,78.49765
HOSP_1311,17.41811,78.49974
HOSP_1312,18.750232,78.111437
HOSP_1313,18.938062,78.359119
HOSP_1314,18.614487,77.97211
HOSP_1315,18.572553,78.114663
HOSP_1316,18.881211,78.144276
HOSP_1317,18.569318,77.773757
HOSP_1318,18.749361,77.95083
HOSP_1319,18.691907,77.821642
HOSP_1320,18.57961,78.447795
HOSP_1321,18.763823,78.391909
HOSP_1322,18.677439,77.953478
HOSP_1323,18.460808,79.453019
HOSP_1324,18.814648,79.411709
HOSP_1325,18.658758,79.502686
HOSP_1326,18.50484,79.42043
HOSP_1327,18.746302,79.333232
HOSP_1328,18.635951,79.414826
HOSP_1329,18.785396,79.444967
HOSP_1330,18.525798,79.497092
HOSP_1331,18.604792,79.567398
HOSP_1332,18.682152,79.375244
HOSP_1333,18.497716,79.247967
HOSP_1334,18.550546,79.253864
HOSP_1335,18.504539,79.628541
HOSP_1336,18.52731,79.31935
HOSP_1337,16.578081,78.051867
HOSP_1338,16.30609,77.97432
HOSP_1339,17.758949,77.586454
HOSP_1340,17.690332,77.864712
HOSP_1341,17.67529,78.37319
HOSP_1342,17.552277,78.008756
HOSP_1343,17.5835,78.1082
HOSP_1344,17.45457,78.44362
HOSP_1345,17.31403,78.68517
HOSP_1346,17.04709,78.66368
HOSP_1347,16.85701,78.69149
HOSP_1348,17.22976,78.76338
HOSP_1349,17.14999908,78.59905603
HOSP_1350,17.16128101,78.72549771
HOSP_1351,17.13786077,78.75542627
HOSP_1352,16.78699,78.7093
HOSP_1353,17.32331,78.06415
HOSP_1354,17.32567,78.45447
HOSP_1355,17.15898,78.13397
HOSP_1356,17.45613,78.14843
HOSP_1357,17.40952,78.17527
HOSP_1358,16.97799,78.2185
HOSP_1359,17.037741,78.08989
HOSP_1360,16.95277,78.3473
HOSP_1361,17.131975,78.285357
HOSP_1362,17.11883,78.251987
HOSP_1363,17.057442,79.277163
HOSP_1364,17.420755,78.494185
HOSP_1365,17.55976,78.34115
HOSP_1366,17.452496,78.407874
HOSP_1367,17.3507791,78.4589513
HOSP_1368,17.423869,78.512604
HOSP_1369,17.407114,78.454883
HOSP_1370,17.43827,78.48736
HOSP_1371,17.36814,78.48917
HOSP_1372,17.369259,78.48163
HOSP_1373,17.42066,78.48981
HOSP_1374,17.36765,78.46122
HOSP_1375,17.384482,78.490731
HOSP_1376,17.45576,78.442918
HOSP_1377,17.40913,78.406568
HOSP_1378,17.363818,78.508385
HOSP_1379,17.425472,78.49981
HOSP_1380,17.438771,78.474099
HOSP_1381,17.3852075,78.4004025
HOSP_1382,17.36172,78.47517
HOSP_1383,17.428757,78.424961
HOSP_1384,17.35588,78.46499
HOSP_1385,17.376023,78.442003
HOSP_1386,17.37522,78.45841
HOSP_1387,17.410545,78.463815
HOSP_1388,16.38051,77.9415
HOSP_1389,16.37236,77.86858
HOSP_1390,16.25219,78.12529
HOSP_1391,16.42604,78.03603
HOSP_1392,16.51864355,78.11468131
HOSP_1393,16.365015,78.056072
HOSP_1394,17.979761,79.631398
HOSP_1395,17.969359,79.609865
HOSP_1396,17.947595,79.59882
HOSP_1397,17.949864,79.612316
HOSP_1398,18.000336,79.611584
HOSP_1399,17.966141,79.591436
HOSP_1400,17.98415,79.612391
HOSP_1401,17.989508,79.593169
HOSP_1402,17.977142,79.601466
HOSP_1403,17.869655,79.862382
HOSP_1404,18.020622,79.806528
HOSP_1405,18.033933,79.863458
HOSP_1406,17.989437,79.867956
HOSP_1407,17.790582,79.807436
HOSP_1408,17.886519,79.708984
HOSP_1409,17.705778,79.608911
HOSP_1410,17.735517,79.72629
HOSP_1411,17.719872,79.831499
HOSP_1412,17.479522,79.434592
HOSP_1413,17.488788,78.400181
HOSP_1414,17.473718,78.571156
HOSP_1415,17.595818,78.082211
HOSP_1416,17.246617,80.151255
HOSP_1417,17.532139,78.484104
HOSP_1418,17.432042,78.445812
HOSP_1419,17.326716,78.556192
HOSP_1420,18.004637,79.567466
HOSP_1421,15.917218,78.02389
HOSP_1422,17.413955,78.424204
HOSP_1423,17.39879,78.450476
HOSP_1424,17.3838,78.47454
HOSP_1425,17.379361,78.410712
HOSP_1426,17.425324,78.510878
HOSP_1427,17.352855,78.499443
HOSP_1428,17.3552,78.4616
HOSP_1429,17.3275701,78.4913233
HOSP_1430,17.4324,78.515392
HOSP_1431,17.418052,78.499583
HOSP_1432,17.3915251,78.4607513
HOSP_1433,17.36808,78.46765
HOSP_1434,17.387833,78.453099
HOSP_1435,17.4345015,78.4882243
HOSP_1436,17.3620133,78.4781128
HOSP_1437,17.4529543,78.4998915
HOSP_1438,17.41881,78.4624
HOSP_1439,17.36569,78.45987
HOSP_1440,17.36575,78.44667
HOSP_1441,17.4504,78.48599
HOSP_1442,17.37293,78.52293
HOSP_1443,17.394439,78.450073
HOSP_1444,17.4484571,78.4217403
HOSP_1445,17.384475,78.490716
HOSP_1446,17.333004,78.4571725
HOSP_1447,17.39689,78.50301
HOSP_1448,16.786984,79.866779
HOSP_1449,16.882321,79.69776
HOSP_1450,17.138603,79.642672
HOSP_1451,16.81652,79.933216
HOSP_1452,17.11188,79.804977
HOSP_1453,17.090745,79.940175
HOSP_1454,16.960758,79.912091
HOSP_1455,16.936718,79.987239
HOSP_1456,17.079799,79.865513
HOSP_1457,17.232621,79.702355
HOSP_1458,17.153556,79.682978
HOSP_1459,16.886471,79.743346
HOSP_1460,16.824639,79.750964
HOSP_1461,17.341778,79.51003
HOSP_1462,17.165805,79.79791
HOSP_1463,17.053438,79.8342
HOSP_1464,17.397074,79.485428
HOSP_1465,16.922146,79.661402
HOSP_1466,17.024591,79.685668
HOSP_1467,17.126209,79.635515
HOSP_1468,17.091665,79.603005
HOSP_1469,17.133034,79.617606
HOSP_1470,18.02575,79.205915
HOSP_1471,18.119055,78.59528861
HOSP_1472,18.155936,78.89736
HOSP_1473,17.212948,80.830753
HOSP_1474,17.44069,77.70887
HOSP_1475,17.3542,78.56408
HOSP_1476,16.32,77.6663
HOSP_1477,19.522095,79.73233
HOSP_1478,17.758,79.25589
HOSP_1479,17.563745,79.965471
HOSP_1480,17.183204,80.0912049
HOSP_1481,16.731667,77.99389
HOSP_1482,17.785792,78.370114
HOSP_1483,17.46498,78.61112
HOSP_1484,18.194482,80.135348
HOSP_1485,16.296289,78.3638
HOSP_1486,16.89361,78.99103
HOSP_1487,19.35018,78.504923
HOSP_1488,16.882375,79.470603
HOSP_1489,17.405382,78.922342
HOSP_1490,18.054733,79.63562
HOSP_1491,18.785378,78.178104
HOSP_1492,17.485047,78.174344
HOSP_1493,17.59922,80.34267
HOSP_1494,18.729801,79.214184
HOSP_1495,17.4373001,78.5416453
HOSP_1496,17.3460209,78.4729317
HOSP_1497,17.3374277,78.4938734
HOSP_1498,17.45061761,78.420713
HOSP_1499,17.35833,78.49556
HOSP_1500,17.36074,78.489299
HOSP_1501,17.4658254,78.4725145
HOSP_1502,18.800125,78.812602
HOSP_1503,18.779862,78.613996
HOSP_1504,18.792185,79.190625
HOSP_1505,18.859729,79.004599
HOSP_1506,18.97302,78.70288
HOSP_1507,18.662407,78.70423
HOSP_1508,18.79065,79.050859
HOSP_1509,18.630143,78.893863
HOSP_1510,18.697175,79.07628
HOSP_1511,18.839774,79.177662
HOSP_1512,18.870447,78.938551
HOSP_1513,18.911942,78.80945
HOSP_1514,18.79712,78.919573
HOSP_1515,17.655517,79.430201
HOSP_1516,17.772719,79.484606
HOSP_1517,17.529241,79.511992
HOSP_1518,17.846644,79.477198
HOSP_1519,18.137096,79.209337
HOSP_1520,18.14844619,78.94263002
HOSP_1521,17.92675507,78.55980016
HOSP_1522,18.17416496,79.08920797
HOSP_1523,17.88673277,78.79561301
HOSP_1524,17.89109833,79.08709667
HOSP_1525,17.91814409,79.05508633
HOSP_1526,17.75415744,78.7167101
HOSP_1527,17.75130248,78.62996579
HOSP_1528,18.21002503,78.78441267
HOSP_1529,17.925672296,78.971411628
HOSP_1530,18.16034377,78.80639134
HOSP_1531,17.93910048,78.6298337
HOSP_1532,18.08840388,78.94490289
HOSP_1533,18.18139137,78.63912081
HOSP_1534,17.81852196,78.7677916
HOSP_1535,18.11390882,78.7209276
HOSP_1536,18.009685,78.72260167
HOSP_1537,18.27704564,79.0747169
HOSP_1538,17.773657,78.61481148
HOSP_1539,18.10885655,78.84548304
HOSP_1540,17.93334167,78.89676333
HOSP_1541,17.35252,77.83109
HOSP_1542,17.33852,77.89355
HOSP_1543,17.42857,77.96147
HOSP_1544,17.26557,77.96042
